class	path
com.leinardi.android.speeddial.UiUtils	/home/nima/Developer/nullness-benchmarks/FloatingActionButtonSpeedDial/library-view/src/main/java/com/leinardi/android/speeddial/UiUtils.java
com.leinardi.android.speeddial.UiUtils$1	/home/nima/Developer/nullness-benchmarks/FloatingActionButtonSpeedDial/library-view/src/main/java/com/leinardi/android/speeddial/UiUtils.java
com.leinardi.android.speeddial.UiUtils$2	/home/nima/Developer/nullness-benchmarks/FloatingActionButtonSpeedDial/library-view/src/main/java/com/leinardi/android/speeddial/UiUtils.java
com.leinardi.android.speeddial.UiUtils$3	/home/nima/Developer/nullness-benchmarks/FloatingActionButtonSpeedDial/library-view/src/main/java/com/leinardi/android/speeddial/UiUtils.java
com.leinardi.android.speeddial.UiUtils$4	/home/nima/Developer/nullness-benchmarks/FloatingActionButtonSpeedDial/library-view/src/main/java/com/leinardi/android/speeddial/UiUtils.java
com.leinardi.android.speeddial.UiUtils$5	/home/nima/Developer/nullness-benchmarks/FloatingActionButtonSpeedDial/library-view/src/main/java/com/leinardi/android/speeddial/UiUtils.java
com.leinardi.android.speeddial.SpeedDialActionItem	/home/nima/Developer/nullness-benchmarks/FloatingActionButtonSpeedDial/library-view/src/main/java/com/leinardi/android/speeddial/SpeedDialActionItem.java
com.leinardi.android.speeddial.SpeedDialActionItem$FabType	/home/nima/Developer/nullness-benchmarks/FloatingActionButtonSpeedDial/library-view/src/main/java/com/leinardi/android/speeddial/SpeedDialActionItem.java
com.leinardi.android.speeddial.SpeedDialActionItem$Builder	/home/nima/Developer/nullness-benchmarks/FloatingActionButtonSpeedDial/library-view/src/main/java/com/leinardi/android/speeddial/SpeedDialActionItem.java
com.leinardi.android.speeddial.SpeedDialActionItem$1	/home/nima/Developer/nullness-benchmarks/FloatingActionButtonSpeedDial/library-view/src/main/java/com/leinardi/android/speeddial/SpeedDialActionItem.java
com.leinardi.android.speeddial.SpeedDialView	/home/nima/Developer/nullness-benchmarks/FloatingActionButtonSpeedDial/library-view/src/main/java/com/leinardi/android/speeddial/SpeedDialView.java
com.leinardi.android.speeddial.SpeedDialView$1	/home/nima/Developer/nullness-benchmarks/FloatingActionButtonSpeedDial/library-view/src/main/java/com/leinardi/android/speeddial/SpeedDialView.java
com.leinardi.android.speeddial.SpeedDialView$2	/home/nima/Developer/nullness-benchmarks/FloatingActionButtonSpeedDial/library-view/src/main/java/com/leinardi/android/speeddial/SpeedDialView.java
com.leinardi.android.speeddial.SpeedDialView$3	/home/nima/Developer/nullness-benchmarks/FloatingActionButtonSpeedDial/library-view/src/main/java/com/leinardi/android/speeddial/SpeedDialView.java
com.leinardi.android.speeddial.SpeedDialView$4	/home/nima/Developer/nullness-benchmarks/FloatingActionButtonSpeedDial/library-view/src/main/java/com/leinardi/android/speeddial/SpeedDialView.java
com.leinardi.android.speeddial.SpeedDialView$5	/home/nima/Developer/nullness-benchmarks/FloatingActionButtonSpeedDial/library-view/src/main/java/com/leinardi/android/speeddial/SpeedDialView.java
com.leinardi.android.speeddial.SpeedDialView$6	/home/nima/Developer/nullness-benchmarks/FloatingActionButtonSpeedDial/library-view/src/main/java/com/leinardi/android/speeddial/SpeedDialView.java
com.leinardi.android.speeddial.SpeedDialView$OnChangeListener	/home/nima/Developer/nullness-benchmarks/FloatingActionButtonSpeedDial/library-view/src/main/java/com/leinardi/android/speeddial/SpeedDialView.java
com.leinardi.android.speeddial.SpeedDialView$OnActionSelectedListener	/home/nima/Developer/nullness-benchmarks/FloatingActionButtonSpeedDial/library-view/src/main/java/com/leinardi/android/speeddial/SpeedDialView.java
com.leinardi.android.speeddial.SpeedDialView$ExpansionMode	/home/nima/Developer/nullness-benchmarks/FloatingActionButtonSpeedDial/library-view/src/main/java/com/leinardi/android/speeddial/SpeedDialView.java
com.leinardi.android.speeddial.SpeedDialView$InstanceState	/home/nima/Developer/nullness-benchmarks/FloatingActionButtonSpeedDial/library-view/src/main/java/com/leinardi/android/speeddial/SpeedDialView.java
com.leinardi.android.speeddial.SpeedDialView$InstanceState$1	/home/nima/Developer/nullness-benchmarks/FloatingActionButtonSpeedDial/library-view/src/main/java/com/leinardi/android/speeddial/SpeedDialView.java
com.leinardi.android.speeddial.SpeedDialView$SnackbarBehavior	/home/nima/Developer/nullness-benchmarks/FloatingActionButtonSpeedDial/library-view/src/main/java/com/leinardi/android/speeddial/SpeedDialView.java
com.leinardi.android.speeddial.SpeedDialView$ScrollingViewSnackbarBehavior	/home/nima/Developer/nullness-benchmarks/FloatingActionButtonSpeedDial/library-view/src/main/java/com/leinardi/android/speeddial/SpeedDialView.java
com.leinardi.android.speeddial.SpeedDialView$NoBehavior	/home/nima/Developer/nullness-benchmarks/FloatingActionButtonSpeedDial/library-view/src/main/java/com/leinardi/android/speeddial/SpeedDialView.java
com.leinardi.android.speeddial.FabWithLabelView	/home/nima/Developer/nullness-benchmarks/FloatingActionButtonSpeedDial/library-view/src/main/java/com/leinardi/android/speeddial/FabWithLabelView.java
com.leinardi.android.speeddial.FabWithLabelView$1	/home/nima/Developer/nullness-benchmarks/FloatingActionButtonSpeedDial/library-view/src/main/java/com/leinardi/android/speeddial/FabWithLabelView.java
com.leinardi.android.speeddial.FabWithLabelView$2	/home/nima/Developer/nullness-benchmarks/FloatingActionButtonSpeedDial/library-view/src/main/java/com/leinardi/android/speeddial/FabWithLabelView.java
com.leinardi.android.speeddial.FabWithLabelView$3	/home/nima/Developer/nullness-benchmarks/FloatingActionButtonSpeedDial/library-view/src/main/java/com/leinardi/android/speeddial/FabWithLabelView.java
com.leinardi.android.speeddial.SpeedDialOverlayLayout	/home/nima/Developer/nullness-benchmarks/FloatingActionButtonSpeedDial/library-view/src/main/java/com/leinardi/android/speeddial/SpeedDialOverlayLayout.java
com.leinardi.android.speeddial.ViewGroupUtils	/home/nima/Developer/nullness-benchmarks/FloatingActionButtonSpeedDial/library-view/src/main/java/com/leinardi/android/speeddial/ViewGroupUtils.java
com.leinardi.android.speeddial.BuildConfig	/home/nima/Developer/nullness-benchmarks/FloatingActionButtonSpeedDial/library-view/build/generated/source/buildConfig/debug/com/leinardi/android/speeddial/BuildConfig.java
